,,,,
,,,,
,,,,
,,,,
,,,,
,,,,
,,,,
,,,,
,,,,
,,,,
,,,,
,,,,
,,,,
,,,,
,,,,
,,,,
,,,,
,,,,
,,,,
,,,,
,,,,
,,,,
,,,,
,,,,
,,,,
,,,,
,,,,
,,,,
,,,,
,,,,
date,,,,
,,,,
date,state,fips,cases,deaths
1/21/2020,Washington,53,1,0
,,,,
1/22/2020,Washington,53,1,0
,,,,
1/23/2020,Washington,53,1,0
,,,,
1/24/2020,Illinois,17,1,0
,,,,
1/24/2020,Washington,53,1,0
,,,,
1/25/2020,California,6,1,0
,,,,
1/25/2020,Illinois,17,1,0
,,,,
1/25/2020,Washington,53,1,0
,,,,
1/26/2020,Arizona,4,1,0
,,,,
1/26/2020,California,6,2,0
,,,,
1/26/2020,Illinois,17,1,0
,,,,
1/26/2020,Washington,53,1,0
,,,,
1/27/2020,Arizona,4,1,0
,,,,
1/27/2020,California,6,2,0
,,,,
1/27/2020,Illinois,17,1,0
,,,,
1/27/2020,Washington,53,1,0
,,,,
1/28/2020,Arizona,4,1,0
,,,,
1/28/2020,California,6,2,0
,,,,
1/28/2020,Illinois,17,1,0
,,,,
1/28/2020,Washington,53,1,0
,,,,
1/29/2020,Arizona,4,1,0
,,,,
1/29/2020,California,6,2,0
,,,,
1/29/2020,Illinois,17,1,0
,,,,
1/29/2020,Washington,53,1,0
,,,,
1/30/2020,Arizona,4,1,0
,,,,
1/30/2020,California,6,2,0
,,,,
1/30/2020,Illinois,17,2,0
,,,,
1/30/2020,Washington,53,1,0
,,,,
1/31/2020,Arizona,4,1,0
,,,,
1/31/2020,California,6,3,0
,,,,
1/31/2020,Illinois,17,2,0
,,,,
1/31/2020,Washington,53,1,0
,,,,
2/1/2020,Arizona,4,1,0
,,,,
2/1/2020,California,6,3,0
,,,,
2/1/2020,Illinois,17,2,0
,,,,
2/1/2020,Massachusetts,25,1,0
,,,,
2/1/2020,Washington,53,1,0
,,,,
2/2/2020,Arizona,4,1,0
,,,,
2/2/2020,California,6,6,0
,,,,
2/2/2020,Illinois,17,2,0
,,,,
2/2/2020,Massachusetts,25,1,0
,,,,
2/2/2020,Washington,53,1,0
,,,,
2/3/2020,Arizona,4,1,0
,,,,
2/3/2020,California,6,6,0
,,,,
2/3/2020,Illinois,17,2,0
,,,,
2/3/2020,Massachusetts,25,1,0
,,,,
2/3/2020,Washington,53,1,0
,,,,
2/4/2020,Arizona,4,1,0
,,,,
2/4/2020,California,6,6,0
,,,,
2/4/2020,Illinois,17,2,0
,,,,
2/4/2020,Massachusetts,25,1,0
,,,,
2/4/2020,Washington,53,1,0
,,,,
2/5/2020,Arizona,4,1,0
,,,,
2/5/2020,California,6,6,0
,,,,
2/5/2020,Illinois,17,2,0
,,,,
2/5/2020,Massachusetts,25,1,0
,,,,
2/5/2020,Washington,53,1,0
,,,,
2/5/2020,Wisconsin,55,1,0
,,,,
2/6/2020,Arizona,4,1,0
,,,,
2/6/2020,California,6,6,0
,,,,
2/6/2020,Illinois,17,2,0
,,,,
2/6/2020,Massachusetts,25,1,0
,,,,
2/6/2020,Washington,53,1,0
,,,,
2/6/2020,Wisconsin,55,1,0
,,,,
2/7/2020,Arizona,4,1,0
,,,,
2/7/2020,California,6,6,0
,,,,
2/7/2020,Illinois,17,2,0
,,,,
2/7/2020,Massachusetts,25,1,0
,,,,
2/7/2020,Washington,53,1,0
,,,,
2/7/2020,Wisconsin,55,1,0
,,,,
2/8/2020,Arizona,4,1,0
,,,,
2/8/2020,California,6,6,0
,,,,
2/8/2020,Illinois,17,2,0
,,,,
2/8/2020,Massachusetts,25,1,0
,,,,
2/8/2020,Washington,53,1,0
,,,,
2/8/2020,Wisconsin,55,1,0
,,,,
2/9/2020,Arizona,4,1,0
,,,,
2/9/2020,California,6,6,0
,,,,
2/9/2020,Illinois,17,2,0
,,,,
2/9/2020,Massachusetts,25,1,0
,,,,
2/9/2020,Washington,53,1,0
,,,,
2/9/2020,Wisconsin,55,1,0
,,,,
2/10/2020,Arizona,4,1,0
,,,,
2/10/2020,California,6,7,0
,,,,
2/10/2020,Illinois,17,2,0
,,,,
2/10/2020,Massachusetts,25,1,0
,,,,
2/10/2020,Washington,53,1,0
,,,,
2/10/2020,Wisconsin,55,1,0
,,,,
2/11/2020,Arizona,4,1,0
,,,,
2/11/2020,California,6,7,0
,,,,
2/11/2020,Illinois,17,2,0
,,,,
2/11/2020,Massachusetts,25,1,0
,,,,
2/11/2020,Washington,53,1,0
,,,,
2/11/2020,Wisconsin,55,1,0
,,,,
2/12/2020,Arizona,4,1,0
,,,,
2/12/2020,California,6,7,0
,,,,
2/12/2020,Illinois,17,2,0
,,,,
2/12/2020,Massachusetts,25,1,0
,,,,
2/12/2020,Texas,48,1,0
,,,,
2/12/2020,Washington,53,1,0
,,,,
2/12/2020,Wisconsin,55,1,0
,,,,
2/13/2020,Arizona,4,1,0
,,,,
2/13/2020,California,6,7,0
,,,,
2/13/2020,Illinois,17,2,0
,,,,
2/13/2020,Massachusetts,25,1,0
,,,,
2/13/2020,Texas,48,2,0
,,,,
2/13/2020,Washington,53,1,0
,,,,
2/13/2020,Wisconsin,55,1,0
,,,,
2/14/2020,Arizona,4,1,0
,,,,
2/14/2020,California,6,7,0
,,,,
2/14/2020,Illinois,17,2,0
,,,,
2/14/2020,Massachusetts,25,1,0
,,,,
2/14/2020,Texas,48,2,0
,,,,
2/14/2020,Washington,53,1,0
,,,,
2/14/2020,Wisconsin,55,1,0
,,,,
2/15/2020,Arizona,4,1,0
,,,,
2/15/2020,California,6,7,0
,,,,
2/15/2020,Illinois,17,2,0
,,,,
2/15/2020,Massachusetts,25,1,0
,,,,
2/15/2020,Texas,48,2,0
,,,,
2/15/2020,Washington,53,1,0
,,,,
2/15/2020,Wisconsin,55,1,0
,,,,
2/16/2020,Arizona,4,1,0
,,,,
2/16/2020,California,6,7,0
,,,,
2/16/2020,Illinois,17,2,0
,,,,
2/16/2020,Massachusetts,25,1,0
,,,,
2/16/2020,Texas,48,2,0
,,,,
2/16/2020,Washington,53,1,0
,,,,
2/16/2020,Wisconsin,55,1,0
,,,,
2/17/2020,Arizona,4,1,0
,,,,
2/17/2020,California,6,7,0
,,,,
2/17/2020,Illinois,17,2,0
,,,,
2/17/2020,Massachusetts,25,1,0
,,,,
2/17/2020,Nebraska,31,10,0
,,,,
2/17/2020,Texas,48,2,0
,,,,
2/17/2020,Washington,53,1,0
,,,,
2/17/2020,Wisconsin,55,1,0
,,,,
2/18/2020,Arizona,4,1,0
,,,,
2/18/2020,California,6,7,0
,,,,
2/18/2020,Illinois,17,2,0
,,,,
2/18/2020,Massachusetts,25,1,0
,,,,
2/18/2020,Nebraska,31,10,0
,,,,
2/18/2020,Texas,48,2,0
,,,,
2/18/2020,Washington,53,1,0
,,,,
2/18/2020,Wisconsin,55,1,0
,,,,
2/19/2020,Arizona,4,1,0
,,,,
2/19/2020,California,6,7,0
,,,,
2/19/2020,Illinois,17,2,0
,,,,
2/19/2020,Massachusetts,25,1,0
,,,,
2/19/2020,Nebraska,31,10,0
,,,,
2/19/2020,Texas,48,2,0
,,,,
2/19/2020,Washington,53,1,0
,,,,
2/19/2020,Wisconsin,55,1,0
,,,,
2/20/2020,Arizona,4,1,0
,,,,
2/20/2020,California,6,8,0
,,,,
2/20/2020,Illinois,17,2,0
,,,,
2/20/2020,Massachusetts,25,1,0
,,,,
2/20/2020,Nebraska,31,11,0
,,,,
2/20/2020,Texas,48,2,0
,,,,
2/20/2020,Washington,53,1,0
,,,,
2/20/2020,Wisconsin,55,1,0
,,,,
2/21/2020,Arizona,4,1,0
,,,,
2/21/2020,California,6,9,0
,,,,
2/21/2020,Illinois,17,2,0
,,,,
2/21/2020,Massachusetts,25,1,0
,,,,
2/21/2020,Nebraska,31,11,0
,,,,
2/21/2020,Texas,48,4,0
,,,,
2/21/2020,Washington,53,1,0
,,,,
2/21/2020,Wisconsin,55,1,0
,,,,
2/22/2020,Arizona,4,1,0
,,,,
2/22/2020,California,6,9,0
,,,,
2/22/2020,Illinois,17,2,0
,,,,
2/22/2020,Massachusetts,25,1,0
,,,,
2/22/2020,Nebraska,31,11,0
,,,,
2/22/2020,Texas,48,4,0
,,,,
2/22/2020,Washington,53,1,0
,,,,
2/22/2020,Wisconsin,55,1,0
,,,,
2/23/2020,Arizona,4,1,0
,,,,
2/23/2020,California,6,9,0
,,,,
2/23/2020,Illinois,17,2,0
,,,,
2/23/2020,Massachusetts,25,1,0
,,,,
2/23/2020,Nebraska,31,11,0
,,,,
2/23/2020,Texas,48,4,0
,,,,
2/23/2020,Washington,53,1,0
,,,,
2/23/2020,Wisconsin,55,1,0
,,,,
2/24/2020,Arizona,4,1,0
,,,,
2/24/2020,California,6,11,0
,,,,
2/24/2020,Illinois,17,2,0
,,,,
2/24/2020,Massachusetts,25,1,0
,,,,
2/24/2020,Nebraska,31,12,0
,,,,
2/24/2020,Texas,48,10,0
,,,,
2/24/2020,Washington,53,5,0
,,,,
2/24/2020,Wisconsin,55,1,0
,,,,
2/25/2020,Arizona,4,1,0
,,,,
2/25/2020,California,6,11,0
,,,,
2/25/2020,Illinois,17,2,0
,,,,
2/25/2020,Massachusetts,25,1,0
,,,,
2/25/2020,Nebraska,31,13,0
,,,,
2/25/2020,Texas,48,10,0
,,,,
2/25/2020,Utah,49,1,0
,,,,
2/25/2020,Washington,53,5,0
,,,,
2/25/2020,Wisconsin,55,1,0
,,,,
2/26/2020,Arizona,4,1,0
,,,,
2/26/2020,California,6,26,0
,,,,
2/26/2020,Illinois,17,2,0
,,,,
2/26/2020,Massachusetts,25,1,0
,,,,
2/26/2020,Nebraska,31,13,0
,,,,
2/26/2020,Texas,48,10,0
,,,,
2/26/2020,Utah,49,1,0
,,,,
2/26/2020,Washington,53,5,0
,,,,
2/26/2020,Wisconsin,55,1,0
,,,,
2/27/2020,Arizona,4,1,0
,,,,
2/27/2020,California,6,26,0
,,,,
2/27/2020,Illinois,17,2,0
,,,,
2/27/2020,Massachusetts,25,1,0
,,,,
2/27/2020,Nebraska,31,13,0
,,,,
2/27/2020,Texas,48,10,0
,,,,
2/27/2020,Utah,49,1,0
,,,,
2/27/2020,Washington,53,5,0
,,,,
2/27/2020,Wisconsin,55,1,0
,,,,
2/28/2020,Arizona,4,1,0
,,,,
2/28/2020,California,6,27,0
,,,,
2/28/2020,Illinois,17,2,0
,,,,
2/28/2020,Massachusetts,25,1,0
,,,,
2/28/2020,Nebraska,31,13,0
,,,,
2/28/2020,Oregon,41,1,0
,,,,
2/28/2020,Texas,48,11,0
,,,,
2/28/2020,Utah,49,1,0
,,,,
2/28/2020,Washington,53,7,0
,,,,
2/28/2020,Wisconsin,55,1,0
,,,,
2/29/2020,Arizona,4,1,0
,,,,
2/29/2020,California,6,28,0
,,,,
2/29/2020,Illinois,17,3,0
,,,,
2/29/2020,Massachusetts,25,1,0
,,,,
2/29/2020,Nebraska,31,13,0
,,,,
2/29/2020,Oregon,41,1,0
,,,,
2/29/2020,Texas,48,11,0
,,,,
2/29/2020,Utah,49,1,0
,,,,
2/29/2020,Washington,53,10,1
,,,,
2/29/2020,Wisconsin,55,1,0
,,,,
3/1/2020,Arizona,4,1,0
,,,,
3/1/2020,California,6,33,0
,,,,
3/1/2020,Florida,12,2,0
,,,,
3/1/2020,Illinois,17,3,0
,,,,
3/1/2020,Massachusetts,25,1,0
,,,,
3/1/2020,Nebraska,31,13,0
,,,,
3/1/2020,New York,36,1,0
,,,,
3/1/2020,Oregon,41,2,0
,,,,
3/1/2020,Rhode Island,44,2,0
,,,,
3/1/2020,Texas,48,11,0
,,,,
3/1/2020,Utah,49,1,0
,,,,
3/1/2020,Washington,53,17,3
,,,,
3/1/2020,Wisconsin,55,1,0
,,,,
3/2/2020,Arizona,4,1,0
,,,,
3/2/2020,California,6,38,0
,,,,
3/2/2020,Florida,12,2,0
,,,,
3/2/2020,Georgia,13,2,0
,,,,
3/2/2020,Illinois,17,4,0
,,,,
3/2/2020,Massachusetts,25,2,0
,,,,
3/2/2020,Nebraska,31,13,0
,,,,
3/2/2020,New Hampshire,33,1,0
,,,,
3/2/2020,New York,36,1,0
,,,,
3/2/2020,Oregon,41,2,0
,,,,
3/2/2020,Rhode Island,44,2,0
,,,,
3/2/2020,Texas,48,11,0
,,,,
3/2/2020,Utah,49,1,0
,,,,
3/2/2020,Washington,53,23,6
,,,,
3/2/2020,Wisconsin,55,1,0
,,,,
3/3/2020,Arizona,4,2,0
,,,,
3/3/2020,California,6,45,0
,,,,
3/3/2020,Florida,12,3,0
,,,,
3/3/2020,Georgia,13,2,0
,,,,
3/3/2020,Illinois,17,4,0
,,,,
3/3/2020,Massachusetts,25,2,0
,,,,
3/3/2020,Nebraska,31,13,0
,,,,
3/3/2020,New Hampshire,33,2,0
,,,,
3/3/2020,New York,36,2,0
,,,,
3/3/2020,North Carolina,37,1,0
,,,,
3/3/2020,Oregon,41,2,0
,,,,
3/3/2020,Rhode Island,44,2,0
,,,,
3/3/2020,Texas,48,11,0
,,,,
3/3/2020,Utah,49,1,0
,,,,
3/3/2020,Washington,53,32,10
,,,,
3/3/2020,Wisconsin,55,1,0
,,,,
3/4/2020,Arizona,4,2,0
,,,,
3/4/2020,California,6,55,1
,,,,
3/4/2020,Florida,12,3,0
,,,,
3/4/2020,Georgia,13,2,0
,,,,
3/4/2020,Illinois,17,4,0
,,,,
3/4/2020,Massachusetts,25,2,0
,,,,
3/4/2020,Nebraska,31,13,0
,,,,
3/4/2020,New Hampshire,33,2,0
,,,,
3/4/2020,New Jersey,34,1,0
,,,,
3/4/2020,New York,36,11,0
,,,,
3/4/2020,North Carolina,37,1,0
,,,,
3/4/2020,Oregon,41,2,0
,,,,
3/4/2020,Rhode Island,44,2,0
,,,,
3/4/2020,Texas,48,12,0
,,,,
3/4/2020,Utah,49,1,0
,,,,
3/4/2020,Washington,53,47,11
,,,,
3/4/2020,Wisconsin,55,1,0
,,,,
3/5/2020,Arizona,4,2,0
,,,,
3/5/2020,California,6,67,1
,,,,
3/5/2020,Colorado,8,2,0
,,,,
3/5/2020,Florida,12,4,0
,,,,
3/5/2020,Georgia,13,2,0
,,,,
3/5/2020,Illinois,17,5,0
,,,,
3/5/2020,Maryland,24,3,0
,,,,
3/5/2020,Massachusetts,25,3,0
,,,,
3/5/2020,Nebraska,31,13,0
,,,,
3/5/2020,Nevada,32,2,0
,,,,
3/5/2020,New Hampshire,33,2,0
,,,,
3/5/2020,New Jersey,34,2,0
,,,,
3/5/2020,New York,36,22,0
,,,,
3/5/2020,North Carolina,37,1,0
,,,,
3/5/2020,Oregon,41,2,0
,,,,
3/5/2020,Rhode Island,44,2,0
,,,,
3/5/2020,Tennessee,47,1,0
,,,,
3/5/2020,Texas,48,16,0
,,,,
3/5/2020,Utah,49,1,0
,,,,
3/5/2020,Washington,53,75,11
,,,,
3/5/2020,Wisconsin,55,1,0
,,,,
3/6/2020,Arizona,4,3,0
,,,,
3/6/2020,California,6,81,1
,,,,
3/6/2020,Colorado,8,8,0
,,,,
3/6/2020,Florida,12,7,2
,,,,
3/6/2020,Georgia,13,3,0
,,,,
3/6/2020,Hawaii,15,1,0
,,,,
3/6/2020,Illinois,17,6,0
,,,,
3/6/2020,Indiana,18,1,0
,,,,
3/6/2020,Kentucky,21,1,0
,,,,
3/6/2020,Maryland,24,3,0
,,,,
3/6/2020,Massachusetts,25,8,0
,,,,
3/6/2020,Minnesota,27,1,0
,,,,
3/6/2020,Nebraska,31,14,0
,,,,
3/6/2020,Nevada,32,2,0
,,,,
3/6/2020,New Hampshire,33,2,0
,,,,
3/6/2020,New Jersey,34,4,0
,,,,
3/6/2020,New York,36,44,0
,,,,
3/6/2020,North Carolina,37,2,0
,,,,
3/6/2020,Oklahoma,40,1,0
,,,,
3/6/2020,Oregon,41,2,0
,,,,
3/6/2020,Pennsylvania,42,2,0
,,,,
3/6/2020,Rhode Island,44,3,0
,,,,
3/6/2020,South Carolina,45,2,0
,,,,
3/6/2020,Tennessee,47,1,0
,,,,
3/6/2020,Texas,48,19,0
,,,,
3/6/2020,Utah,49,3,0
,,,,
3/6/2020,Washington,53,86,12
,,,,
3/6/2020,Wisconsin,55,1,0
,,,,
3/7/2020,Arizona,4,5,0
,,,,
3/7/2020,California,6,100,1
,,,,
3/7/2020,Colorado,8,8,0
,,,,
3/7/2020,District of Columbia,11,1,0
,,,,
3/7/2020,Florida,12,12,2
,,,,
3/7/2020,Georgia,13,7,0
,,,,
3/7/2020,Hawaii,15,1,0
,,,,
3/7/2020,Illinois,17,6,0
,,,,
3/7/2020,Indiana,18,1,0
,,,,
3/7/2020,Kansas,20,1,0
,,,,
3/7/2020,Kentucky,21,1,0
,,,,
3/7/2020,Maryland,24,3,0
,,,,
3/7/2020,Massachusetts,25,13,0
,,,,
3/7/2020,Minnesota,27,1,0
,,,,
3/7/2020,Missouri,29,1,0
,,,,
3/7/2020,Nebraska,31,14,0
,,,,
3/7/2020,Nevada,32,2,0
,,,,
3/7/2020,New Hampshire,33,4,0
,,,,
3/7/2020,New Jersey,34,4,0
,,,,
3/7/2020,New York,36,89,0
,,,,
3/7/2020,North Carolina,37,2,0
,,,,
3/7/2020,Oklahoma,40,1,0
,,,,
3/7/2020,Oregon,41,6,0
,,,,
3/7/2020,Pennsylvania,42,4,0
,,,,
3/7/2020,Rhode Island,44,3,0
,,,,
3/7/2020,South Carolina,45,2,0
,,,,
3/7/2020,Tennessee,47,1,0
,,,,
3/7/2020,Texas,48,19,0
,,,,
3/7/2020,Utah,49,3,0
,,,,
3/7/2020,Vermont,50,1,0
,,,,
3/7/2020,Virginia,51,1,0
,,,,
3/7/2020,Washington,53,110,16
,,,,
3/7/2020,Wisconsin,55,1,0
,,,,
3/8/2020,Arizona,4,5,0
,,,,
3/8/2020,California,6,112,1
,,,,
3/8/2020,Colorado,8,8,0
,,,,
3/8/2020,Connecticut,9,1,0
,,,,
3/8/2020,District of Columbia,11,1,0
,,,,
3/8/2020,Florida,12,13,2
,,,,
3/8/2020,Georgia,13,11,0
,,,,
3/8/2020,Hawaii,15,2,0
,,,,
3/8/2020,Illinois,17,7,0
,,,,
3/8/2020,Indiana,18,2,0
,,,,
3/8/2020,Iowa,19,3,0
,,,,
3/8/2020,Kansas,20,1,0
,,,,
3/8/2020,Kentucky,21,4,0
,,,,
3/8/2020,Maryland,24,5,0
,,,,
3/8/2020,Massachusetts,25,28,0
,,,,
3/8/2020,Minnesota,27,2,0
,,,,
3/8/2020,Missouri,29,1,0
,,,,
3/8/2020,Nebraska,31,16,0
,,,,
3/8/2020,Nevada,32,4,0
,,,,
3/8/2020,New Hampshire,33,4,0
,,,,
3/8/2020,New Jersey,34,6,0
,,,,
3/8/2020,New York,36,106,0
,,,,
3/8/2020,North Carolina,37,2,0
,,,,
3/8/2020,Oklahoma,40,1,0
,,,,
3/8/2020,Oregon,41,13,0
,,,,
3/8/2020,Pennsylvania,42,6,0
,,,,
3/8/2020,Rhode Island,44,3,0
,,,,
3/8/2020,South Carolina,45,6,0
,,,,
3/8/2020,Tennessee,47,3,0
,,,,
3/8/2020,Texas,48,23,0
,,,,
3/8/2020,Utah,49,3,0
,,,,
3/8/2020,Vermont,50,1,0
,,,,
3/8/2020,Virginia,51,2,0
,,,,
3/8/2020,Washington,53,141,19
,,,,
3/8/2020,Wisconsin,55,1,0
,,,,
3/9/2020,Arizona,4,6,0
,,,,
3/9/2020,California,6,172,2
,,,,
3/9/2020,Colorado,8,12,0
,,,,
3/9/2020,Connecticut,9,2,0
,,,,
3/9/2020,District of Columbia,11,4,0
,,,,
3/9/2020,Florida,12,14,2
,,,,
3/9/2020,Georgia,13,17,0
,,,,
3/9/2020,Hawaii,15,2,0
,,,,
3/9/2020,Illinois,17,11,0
,,,,
3/9/2020,Indiana,18,4,0
,,,,
3/9/2020,Iowa,19,8,0
,,,,
3/9/2020,Kansas,20,1,0
,,,,
3/9/2020,Kentucky,21,5,0
,,,,
3/9/2020,Louisiana,22,1,0
,,,,
3/9/2020,Maryland,24,6,0
,,,,
3/9/2020,Massachusetts,25,41,0
,,,,
3/9/2020,Minnesota,27,2,0
,,,,
3/9/2020,Missouri,29,1,0
,,,,
3/9/2020,Nebraska,31,16,0
,,,,
3/9/2020,Nevada,32,4,0
,,,,
3/9/2020,New Hampshire,33,4,0
,,,,
3/9/2020,New Jersey,34,11,0
,,,,
3/9/2020,New York,36,142,0
,,,,
3/9/2020,North Carolina,37,7,0
,,,,
3/9/2020,Ohio,39,3,0
,,,,
3/9/2020,Oklahoma,40,1,0
,,,,
3/9/2020,Oregon,41,13,0
,,,,
3/9/2020,Pennsylvania,42,10,0
,,,,
3/9/2020,Rhode Island,44,3,0
,,,,
3/9/2020,South Carolina,45,7,0
,,,,
3/9/2020,Tennessee,47,4,0
,,,,
3/9/2020,Texas,48,24,0
,,,,
3/9/2020,Utah,49,3,0
,,,,
3/9/2020,Vermont,50,1,0
,,,,
3/9/2020,Virginia,51,5,0
,,,,
3/9/2020,Washington,53,179,22
,,,,
3/9/2020,Wisconsin,55,2,0
,,,,
3/10/2020,Arizona,4,6,0
,,,,
3/10/2020,California,6,179,3
,,,,
3/10/2020,Colorado,8,17,0
,,,,
3/10/2020,Connecticut,9,2,0
,,,,
3/10/2020,District of Columbia,11,4,0
,,,,
3/10/2020,Florida,12,23,2
,,,,
3/10/2020,Georgia,13,22,0
,,,,
3/10/2020,Hawaii,15,2,0
,,,,
3/10/2020,Illinois,17,19,0
,,,,
3/10/2020,Indiana,18,6,0
,,,,
3/10/2020,Iowa,19,13,0
,,,,
3/10/2020,Kansas,20,1,0
,,,,
3/10/2020,Kentucky,21,7,0
,,,,
3/10/2020,Louisiana,22,6,0
,,,,
3/10/2020,Maryland,24,9,0
,,,,
3/10/2020,Massachusetts,25,92,0
,,,,
3/10/2020,Michigan,26,2,0
,,,,
3/10/2020,Minnesota,27,3,0
,,,,
3/10/2020,Missouri,29,1,0
,,,,
3/10/2020,Nebraska,31,17,0
,,,,
3/10/2020,Nevada,32,4,0
,,,,
3/10/2020,New Hampshire,33,5,0
,,,,
3/10/2020,New Jersey,34,15,1
,,,,
3/10/2020,New York,36,173,0
,,,,
3/10/2020,North Carolina,37,7,0
,,,,
3/10/2020,Ohio,39,3,0
,,,,
3/10/2020,Oklahoma,40,2,0
,,,,
3/10/2020,Oregon,41,14,0
,,,,
3/10/2020,Pennsylvania,42,12,0
,,,,
3/10/2020,Rhode Island,44,5,0
,,,,
3/10/2020,South Carolina,45,9,0
,,,,
3/10/2020,South Dakota,46,5,1
,,,,
3/10/2020,Tennessee,47,7,0
,,,,
3/10/2020,Texas,48,31,0
,,,,
3/10/2020,Utah,49,4,0
,,,,
3/10/2020,Vermont,50,1,0
,,,,
3/10/2020,Virginia,51,8,0
,,,,
3/10/2020,Washington,53,279,24
,,,,
3/10/2020,Wisconsin,55,3,0
,,,,
3/11/2020,Arizona,4,9,0
,,,,
3/11/2020,Arkansas,5,1,0
,,,,
3/11/2020,California,6,202,4
,,,,
3/11/2020,Colorado,8,34,0
,,,,
3/11/2020,Connecticut,9,3,0
,,,,
3/11/2020,Delaware,10,1,0
,,,,
3/11/2020,District of Columbia,11,10,0
,,,,
3/11/2020,Florida,12,26,2
,,,,
3/11/2020,Georgia,13,31,0
,,,,
3/11/2020,Hawaii,15,2,0
,,,,
3/11/2020,Illinois,17,25,0
,,,,
3/11/2020,Indiana,18,11,0
,,,,
3/11/2020,Iowa,19,14,0
,,,,
3/11/2020,Kansas,20,1,0
,,,,
3/11/2020,Kentucky,21,7,0
,,,,
3/11/2020,Louisiana,22,13,0
,,,,
3/11/2020,Maryland,24,13,0
,,,,
3/11/2020,Massachusetts,25,95,0
,,,,
3/11/2020,Michigan,26,2,0
,,,,
3/11/2020,Minnesota,27,5,0
,,,,
3/11/2020,Mississippi,28,1,0
,,,,
3/11/2020,Missouri,29,1,0
,,,,
3/11/2020,Nebraska,31,23,0
,,,,
3/11/2020,Nevada,32,7,0
,,,,
3/11/2020,New Hampshire,33,5,0
,,,,
3/11/2020,New Jersey,34,23,1
,,,,
3/11/2020,New Mexico,35,4,0
,,,,
3/11/2020,New York,36,217,0
,,,,
3/11/2020,North Carolina,37,8,0
,,,,
3/11/2020,North Dakota,38,1,0
,,,,
3/11/2020,Ohio,39,4,0
,,,,
3/11/2020,Oklahoma,40,2,0
,,,,
3/11/2020,Oregon,41,20,0
,,,,
3/11/2020,Pennsylvania,42,16,0
,,,,
3/11/2020,Rhode Island,44,5,0
,,,,
3/11/2020,South Carolina,45,10,0
,,,,
3/11/2020,South Dakota,46,8,1
,,,,
3/11/2020,Tennessee,47,8,0
,,,,
3/11/2020,Texas,48,33,0
,,,,
3/11/2020,Utah,49,5,0
,,,,
3/11/2020,Vermont,50,2,0
,,,,
3/11/2020,Virginia,51,10,0
,,,,
3/11/2020,Washington,53,338,29
,,,,
3/11/2020,Wisconsin,55,6,0
,,,,
3/11/2020,Wyoming,56,1,0
,,,,
3/12/2020,Alaska,2,1,0
,,,,
3/12/2020,Arizona,4,9,0
,,,,
3/12/2020,Arkansas,5,6,0
,,,,
3/12/2020,California,6,252,4
,,,,
3/12/2020,Colorado,8,49,1
,,,,
3/12/2020,Connecticut,9,6,0
,,,,
3/12/2020,Delaware,10,4,0
,,,,
3/12/2020,District of Columbia,11,10,0
,,,,
3/12/2020,Florida,12,46,2
,,,,
3/12/2020,Georgia,13,31,1
,,,,
3/12/2020,Hawaii,15,2,0
,,,,
3/12/2020,Illinois,17,32,0
,,,,
3/12/2020,Indiana,18,12,0
,,,,
3/12/2020,Iowa,19,16,0
,,,,
3/12/2020,Kansas,20,5,1
,,,,
3/12/2020,Kentucky,21,11,0
,,,,
3/12/2020,Louisiana,22,14,0
,,,,
3/12/2020,Maine,23,1,0
,,,,
3/12/2020,Maryland,24,13,0
,,,,
3/12/2020,Massachusetts,25,108,0
,,,,
3/12/2020,Michigan,26,12,0
,,,,
3/12/2020,Minnesota,27,9,0
,,,,
3/12/2020,Mississippi,28,1,0
,,,,
3/12/2020,Missouri,29,2,0
,,,,
3/12/2020,Nebraska,31,24,0
,,,,
3/12/2020,Nevada,32,11,0
,,,,
3/12/2020,New Hampshire,33,6,0
,,,,
3/12/2020,New Jersey,34,29,1
,,,,
3/12/2020,New Mexico,35,6,0
,,,,
3/12/2020,New York,36,326,0
,,,,
3/12/2020,North Carolina,37,16,0
,,,,
3/12/2020,North Dakota,38,1,0
,,,,
3/12/2020,Ohio,39,5,0
,,,,
3/12/2020,Oklahoma,40,2,0
,,,,
3/12/2020,Oregon,41,30,0
,,,,
3/12/2020,Pennsylvania,42,22,0
,,,,
3/12/2020,Rhode Island,44,5,0
,,,,
3/12/2020,South Carolina,45,12,0
,,,,
3/12/2020,South Dakota,46,8,1
,,,,
3/12/2020,Tennessee,47,18,0
,,,,
3/12/2020,Texas,48,41,0
,,,,
3/12/2020,Utah,49,7,0
,,,,
3/12/2020,Vermont,50,2,0
,,,,
3/12/2020,Virginia,51,17,0
,,,,
3/12/2020,Washington,53,419,32
,,,,
3/12/2020,Wisconsin,55,8,0
,,,,
3/12/2020,Wyoming,56,1,0
,,,,
3/13/2020,Alabama,1,6,0
,,,,
3/13/2020,Alaska,2,1,0
,,,,
3/13/2020,Arizona,4,9,0
,,,,
3/13/2020,Arkansas,5,7,0
,,,,
3/13/2020,California,6,320,5
,,,,
3/13/2020,Colorado,8,78,2
,,,,
3/13/2020,Connecticut,9,11,0
,,,,
3/13/2020,Delaware,10,4,0
,,,,
3/13/2020,District of Columbia,11,10,0
,,,,
3/13/2020,Florida,12,70,2
,,,,
3/13/2020,Georgia,13,41,1
,,,,
3/13/2020,Hawaii,15,2,0
,,,,
3/13/2020,Idaho,16,1,0
,,,,
3/13/2020,Illinois,17,46,0
,,,,
3/13/2020,Indiana,18,12,0
,,,,
3/13/2020,Iowa,19,17,0
,,,,
3/13/2020,Kansas,20,6,1
,,,,
3/13/2020,Kentucky,21,11,0
,,,,
3/13/2020,Louisiana,22,36,0
,,,,
3/13/2020,Maine,23,2,0
,,,,
3/13/2020,Maryland,24,18,0
,,,,
3/13/2020,Massachusetts,25,123,0
,,,,
3/13/2020,Michigan,26,25,0
,,,,
3/13/2020,Minnesota,27,14,0
,,,,
3/13/2020,Mississippi,28,6,0
,,,,
3/13/2020,Missouri,29,4,0
,,,,
3/13/2020,Montana,30,4,0
,,,,
3/13/2020,Nebraska,31,27,0
,,,,
3/13/2020,Nevada,32,19,0
,,,,
3/13/2020,New Hampshire,33,7,0
,,,,
3/13/2020,New Jersey,34,50,1
,,,,
3/13/2020,New Mexico,35,10,0
,,,,
3/13/2020,New York,36,421,0
,,,,
3/13/2020,North Carolina,37,18,0
,,,,
3/13/2020,North Dakota,38,1,0
,,,,
3/13/2020,Ohio,39,13,0
,,,,
3/13/2020,Oklahoma,40,3,0
,,,,
3/13/2020,Oregon,41,30,0
,,,,
3/13/2020,Pennsylvania,42,41,0
,,,,
3/13/2020,Puerto Rico,72,3,0
,,,,
3/13/2020,Rhode Island,44,20,0
,,,,
3/13/2020,South Carolina,45,13,0
,,,,
3/13/2020,South Dakota,46,9,1
,,,,
3/13/2020,Tennessee,47,26,0
,,,,
3/13/2020,Texas,48,58,0
,,,,
3/13/2020,Utah,49,7,0
,,,,
3/13/2020,Vermont,50,2,0
,,,,
3/13/2020,Virginia,51,30,0
,,,,
3/13/2020,Washington,53,511,37
,,,,
3/13/2020,Wisconsin,55,19,0
,,,,
3/13/2020,Wyoming,56,2,0
,,,,
3/14/2020,Alabama,1,12,0
,,,,
3/14/2020,Alaska,2,1,0
,,,,
3/14/2020,Arizona,4,12,0
,,,,
3/14/2020,Arkansas,5,9,0
,,,,
3/14/2020,California,6,381,5
,,,,
3/14/2020,Colorado,8,103,2
,,,,
3/14/2020,Connecticut,9,20,0
,,,,
3/14/2020,Delaware,10,4,0
,,,,
3/14/2020,District of Columbia,11,16,0
,,,,
3/14/2020,Florida,12,70,3
,,,,
3/14/2020,Georgia,13,65,1
,,,,
3/14/2020,Hawaii,15,4,0
,,,,
3/14/2020,Idaho,16,5,0
,,,,
3/14/2020,Illinois,17,66,0
,,,,
3/14/2020,Indiana,18,15,0
,,,,
3/14/2020,Iowa,19,18,0
,,,,
3/14/2020,Kansas,20,8,1
,,,,
3/14/2020,Kentucky,21,18,0
,,,,
3/14/2020,Louisiana,22,77,1
,,,,
3/14/2020,Maine,23,3,0
,,,,
3/14/2020,Maryland,24,27,0
,,,,
3/14/2020,Massachusetts,25,138,0
,,,,
3/14/2020,Michigan,26,33,0
,,,,
3/14/2020,Minnesota,27,21,0
,,,,
3/14/2020,Mississippi,28,6,0
,,,,
3/14/2020,Missouri,29,5,0
,,,,
3/14/2020,Montana,30,6,0
,,,,
3/14/2020,Nebraska,31,29,0
,,,,
3/14/2020,Nevada,32,21,0
,,,,
3/14/2020,New Hampshire,33,7,0
,,,,
3/14/2020,New Jersey,34,75,2
,,,,
3/14/2020,New Mexico,35,13,0
,,,,
3/14/2020,New York,36,610,2
,,,,
3/14/2020,North Carolina,37,25,0
,,,,
3/14/2020,North Dakota,38,1,0
,,,,
3/14/2020,Ohio,39,26,0
,,,,
3/14/2020,Oklahoma,40,4,0
,,,,
3/14/2020,Oregon,41,36,1
,,,,
3/14/2020,Pennsylvania,42,47,0
,,,,
3/14/2020,Puerto Rico,72,4,0
,,,,
3/14/2020,Rhode Island,44,20,0
,,,,
3/14/2020,South Carolina,45,19,0
,,,,
3/14/2020,South Dakota,46,9,1
,,,,
3/14/2020,Tennessee,47,32,0
,,,,
3/14/2020,Texas,48,69,0
,,,,
3/14/2020,Utah,49,21,0
,,,,
3/14/2020,Vermont,50,5,0
,,,,
3/14/2020,Virgin Islands,78,1,0
,,,,
3/14/2020,Virginia,51,42,1
,,,,
3/14/2020,Washington,53,609,40
,,,,
3/14/2020,Wisconsin,55,27,0
,,,,
3/14/2020,Wyoming,56,3,0
,,,,
3/15/2020,Alabama,1,23,0
,,,,
3/15/2020,Alaska,2,1,0
,,,,
3/15/2020,Arizona,4,13,0
,,,,
3/15/2020,Arkansas,5,16,0
,,,,
3/15/2020,California,6,478,6
,,,,
3/15/2020,Colorado,8,136,2
,,,,
3/15/2020,Connecticut,9,26,0
,,,,
3/15/2020,Delaware,10,7,0
,,,,
3/15/2020,District of Columbia,11,17,0
,,,,
3/15/2020,Florida,12,109,3
,,,,
3/15/2020,Georgia,13,97,1
,,,,
3/15/2020,Guam,66,3,0
,,,,
3/15/2020,Hawaii,15,7,0
,,,,
3/15/2020,Idaho,16,5,0
,,,,
3/15/2020,Illinois,17,94,0
,,,,
3/15/2020,Indiana,18,19,0
,,,,
3/15/2020,Iowa,19,22,0
,,,,
3/15/2020,Kansas,20,9,1
,,,,
3/15/2020,Kentucky,21,21,0
,,,,
3/15/2020,Louisiana,22,103,2
,,,,
3/15/2020,Maine,23,12,0
,,,,
3/15/2020,Maryland,24,32,0
,,,,
3/15/2020,Massachusetts,25,164,0
,,,,
3/15/2020,Michigan,26,53,0
,,,,
3/15/2020,Minnesota,27,35,0
,,,,
3/15/2020,Mississippi,28,10,0
,,,,
3/15/2020,Missouri,29,5,0
,,,,
3/15/2020,Montana,30,6,0
,,,,
3/15/2020,Nebraska,31,31,0
,,,,
3/15/2020,Nevada,32,26,0
,,,,
3/15/2020,New Hampshire,33,13,0
,,,,
3/15/2020,New Jersey,34,98,2
,,,,
3/15/2020,New Mexico,35,17,0
,,,,
3/15/2020,New York,36,732,6
,,,,
3/15/2020,North Carolina,37,32,0
,,,,
3/15/2020,North Dakota,38,1,0
,,,,
3/15/2020,Ohio,39,37,0
,,,,
3/15/2020,Oklahoma,40,8,0
,,,,
3/15/2020,Oregon,41,39,1
,,,,
3/15/2020,Pennsylvania,42,68,0
,,,,
3/15/2020,Puerto Rico,72,5,0
,,,,
3/15/2020,Rhode Island,44,20,0
,,,,
3/15/2020,South Carolina,45,28,0
,,,,
3/15/2020,South Dakota,46,9,1
,,,,
3/15/2020,Tennessee,47,39,0
,,,,
3/15/2020,Texas,48,80,0
,,,,
3/15/2020,Utah,49,29,0
,,,,
3/15/2020,Vermont,50,8,0
,,,,
3/15/2020,Virgin Islands,78,1,0
,,,,
3/15/2020,Virginia,51,45,1
,,,,
3/15/2020,Washington,53,675,42
,,,,
3/15/2020,Wisconsin,55,33,0
,,,,
3/15/2020,Wyoming,56,3,0
,,,,
3/16/2020,Alabama,1,29,0
,,,,
3/16/2020,Alaska,2,3,0
,,,,
3/16/2020,Arizona,4,18,0
,,,,
3/16/2020,Arkansas,5,22,0
,,,,
3/16/2020,California,6,588,11
,,,,
3/16/2020,Colorado,8,161,2
,,,,
3/16/2020,Connecticut,9,41,0
,,,,
3/16/2020,Delaware,10,8,0
,,,,
3/16/2020,District of Columbia,11,22,0
,,,,
3/16/2020,Florida,12,141,4
,,,,
3/16/2020,Georgia,13,118,1
,,,,
3/16/2020,Guam,66,3,0
,,,,
3/16/2020,Hawaii,15,10,0
,,,,
3/16/2020,Idaho,16,5,0
,,,,
3/16/2020,Illinois,17,104,0
,,,,
3/16/2020,Indiana,18,24,1
,,,,
3/16/2020,Iowa,19,22,0
,,,,
3/16/2020,Kansas,20,11,1
,,,,
3/16/2020,Kentucky,21,22,1
,,,,
3/16/2020,Louisiana,22,137,3
,,,,
3/16/2020,Maine,23,17,0
,,,,
3/16/2020,Maryland,24,39,0
,,,,
3/16/2020,Massachusetts,25,197,0
,,,,
3/16/2020,Michigan,26,54,0
,,,,
3/16/2020,Minnesota,27,54,0
,,,,
3/16/2020,Mississippi,28,12,0
,,,,
3/16/2020,Missouri,29,9,0
,,,,
3/16/2020,Montana,30,8,0
,,,,
3/16/2020,Nebraska,31,33,0
,,,,
3/16/2020,Nevada,32,45,1
,,,,
3/16/2020,New Hampshire,33,17,0
,,,,
3/16/2020,New Jersey,34,176,3
,,,,
3/16/2020,New Mexico,35,21,0
,,,,
3/16/2020,New York,36,950,10
,,,,
3/16/2020,North Carolina,37,34,0
,,,,
3/16/2020,North Dakota,38,1,0
,,,,
3/16/2020,Ohio,39,50,0
,,,,
3/16/2020,Oklahoma,40,10,0
,,,,
3/16/2020,Oregon,41,46,1
,,,,
3/16/2020,Pennsylvania,42,81,0
,,,,
3/16/2020,Puerto Rico,72,5,0
,,,,
3/16/2020,Rhode Island,44,21,0
,,,,
3/16/2020,South Carolina,45,33,1
,,,,
3/16/2020,South Dakota,46,10,1
,,,,
3/16/2020,Tennessee,47,52,0
,,,,
3/16/2020,Texas,48,87,1
,,,,
3/16/2020,Utah,49,40,0
,,,,
3/16/2020,Vermont,50,12,0
,,,,
3/16/2020,Virgin Islands,78,2,0
,,,,
3/16/2020,Virginia,51,51,1
,,,,
3/16/2020,Washington,53,794,48
,,,,
3/16/2020,Wisconsin,55,47,0
,,,,
3/16/2020,Wyoming,56,10,0
,,,,
3/17/2020,Alabama,1,39,0
,,,,
3/17/2020,Alaska,2,6,0
,,,,
3/17/2020,Arizona,4,20,0
,,,,
3/17/2020,Arkansas,5,22,0
,,,,
3/17/2020,California,6,732,14
,,,,
3/17/2020,Colorado,8,183,3
,,,,
3/17/2020,Connecticut,9,68,0
,,,,
3/17/2020,Delaware,10,16,0
,,,,
3/17/2020,District of Columbia,11,31,0
,,,,
3/17/2020,Florida,12,210,6
,,,,
3/17/2020,Georgia,13,142,1
,,,,
3/17/2020,Guam,66,3,0
,,,,
3/17/2020,Hawaii,15,14,0
,,,,
3/17/2020,Idaho,16,9,0
,,,,
3/17/2020,Illinois,17,159,1
,,,,
3/17/2020,Indiana,18,30,2
,,,,
3/17/2020,Iowa,19,29,0
,,,,
3/17/2020,Kansas,20,17,1
,,,,
3/17/2020,Kentucky,21,26,1
,,,,
3/17/2020,Louisiana,22,196,5
,,,,
3/17/2020,Maine,23,32,0
,,,,
3/17/2020,Maryland,24,57,0
,,,,
3/17/2020,Massachusetts,25,218,0
,,,,
3/17/2020,Michigan,26,65,0
,,,,
3/17/2020,Minnesota,27,60,0
,,,,
3/17/2020,Mississippi,28,21,0
,,,,
3/17/2020,Missouri,29,16,0
,,,,
3/17/2020,Montana,30,8,0
,,,,
3/17/2020,Nebraska,31,36,0
,,,,
3/17/2020,Nevada,32,55,1
,,,,
3/17/2020,New Hampshire,33,26,0
,,,,
3/17/2020,New Jersey,34,268,3
,,,,
3/17/2020,New Mexico,35,23,0
,,,,
3/17/2020,New York,36,1374,17
,,,,
3/17/2020,North Carolina,37,42,0
,,,,
3/17/2020,North Dakota,38,5,0
,,,,
3/17/2020,Ohio,39,67,0
,,,,
3/17/2020,Oklahoma,40,18,0
,,,,
3/17/2020,Oregon,41,66,2
,,,,
3/17/2020,Pennsylvania,42,101,0
,,,,
3/17/2020,Puerto Rico,72,5,0
,,,,
3/17/2020,Rhode Island,44,23,0
,,,,
3/17/2020,South Carolina,45,47,1
,,,,
3/17/2020,South Dakota,46,11,1
,,,,
3/17/2020,Tennessee,47,73,0
,,,,
3/17/2020,Texas,48,106,1
,,,,
3/17/2020,Utah,49,51,0
,,,,
3/17/2020,Vermont,50,14,0
,,,,
3/17/2020,Virgin Islands,78,2,0
,,,,
3/17/2020,Virginia,51,67,2
,,,,
3/17/2020,Washington,53,908,54
,,,,
3/17/2020,West Virginia,54,1,0
,,,,
3/17/2020,Wisconsin,55,72,0
,,,,
3/17/2020,Wyoming,56,15,0
,,,,
3/18/2020,Alabama,1,51,0
,,,,
3/18/2020,Alaska,2,9,0
,,,,
3/18/2020,Arizona,4,28,0
,,,,
3/18/2020,Arkansas,5,33,0
,,,,
3/18/2020,California,6,893,17
,,,,
3/18/2020,Colorado,8,216,3
,,,,
3/18/2020,Connecticut,9,96,1
,,,,
3/18/2020,Delaware,10,26,0
,,,,
3/18/2020,District of Columbia,11,36,0
,,,,
3/18/2020,Florida,12,326,7
,,,,
3/18/2020,Georgia,13,193,3
,,,,
3/18/2020,Guam,66,8,0
,,,,
3/18/2020,Hawaii,15,16,0
,,,,
3/18/2020,Idaho,16,11,0
,,,,
3/18/2020,Illinois,17,286,1
,,,,
3/18/2020,Indiana,18,39,2
,,,,
3/18/2020,Iowa,19,38,0
,,,,
3/18/2020,Kansas,20,22,1
,,,,
3/18/2020,Kentucky,21,35,1
,,,,
3/18/2020,Louisiana,22,280,7
,,,,
3/18/2020,Maine,23,43,0
,,,,
3/18/2020,Maryland,24,85,1
,,,,
3/18/2020,Massachusetts,25,256,0
,,,,
3/18/2020,Michigan,26,80,1
,,,,
3/18/2020,Minnesota,27,77,0
,,,,
3/18/2020,Mississippi,28,34,0
,,,,
3/18/2020,Missouri,29,21,1
,,,,
3/18/2020,Montana,30,12,0
,,,,
3/18/2020,Nebraska,31,43,0
,,,,
3/18/2020,Nevada,32,82,1
,,,,
3/18/2020,New Hampshire,33,39,0
,,,,
3/18/2020,New Jersey,34,427,5
,,,,
3/18/2020,New Mexico,35,28,0
,,,,
3/18/2020,New York,36,2382,27
,,,,
3/18/2020,North Carolina,37,66,0
,,,,
3/18/2020,North Dakota,38,7,0
,,,,
3/18/2020,Ohio,39,90,0
,,,,
3/18/2020,Oklahoma,40,29,0
,,,,
3/18/2020,Oregon,41,74,3
,,,,
3/18/2020,Pennsylvania,42,139,1
,,,,
3/18/2020,Puerto Rico,72,5,0
,,,,
3/18/2020,Rhode Island,44,33,0
,,,,
3/18/2020,South Carolina,45,60,1
,,,,
3/18/2020,South Dakota,46,11,1
,,,,
3/18/2020,Tennessee,47,98,0
,,,,
3/18/2020,Texas,48,166,2
,,,,
3/18/2020,Utah,49,65,0
,,,,
3/18/2020,Vermont,50,19,0
,,,,
3/18/2020,Virgin Islands,78,3,0
,,,,
3/18/2020,Virginia,51,78,2
,,,,
3/18/2020,Washington,53,1026,68
,,,,
3/18/2020,West Virginia,54,2,0
,,,,
3/18/2020,Wisconsin,55,106,0
,,,,
3/18/2020,Wyoming,56,17,0
,,,,
3/19/2020,Alabama,1,78,0
,,,,
3/19/2020,Alaska,2,12,0
,,,,
3/19/2020,Arizona,4,47,0
,,,,
3/19/2020,Arkansas,5,62,0
,,,,
3/19/2020,California,6,1067,19
,,,,
3/19/2020,Colorado,8,278,5
,,,,
3/19/2020,Connecticut,9,159,4
,,,,
3/19/2020,Delaware,10,30,0
,,,,
3/19/2020,District of Columbia,11,68,0
,,,,
3/19/2020,Florida,12,434,8
,,,,
3/19/2020,Georgia,13,282,10
,,,,
3/19/2020,Guam,66,12,0
,,,,
3/19/2020,Hawaii,15,26,0
,,,,
3/19/2020,Idaho,16,23,0
,,,,
3/19/2020,Illinois,17,420,4
,,,,
3/19/2020,Indiana,18,56,2
,,,,
3/19/2020,Iowa,19,44,0
,,,,
3/19/2020,Kansas,20,35,1
,,,,
3/19/2020,Kentucky,21,47,2
,,,,
3/19/2020,Louisiana,22,392,10
,,,,
3/19/2020,Maine,23,52,0
,,,,
3/19/2020,Maryland,24,108,1
,,,,
3/19/2020,Massachusetts,25,328,0
,,,,
3/19/2020,Michigan,26,334,3
,,,,
3/19/2020,Minnesota,27,89,0
,,,,
3/19/2020,Mississippi,28,50,1
,,,,
3/19/2020,Missouri,29,35,1
,,,,
3/19/2020,Montana,30,19,0
,,,,
3/19/2020,Nebraska,31,47,0
,,,,
3/19/2020,Nevada,32,99,1
,,,,
3/19/2020,New Hampshire,33,44,0
,,,,
3/19/2020,New Jersey,34,735,9
,,,,
3/19/2020,New Mexico,35,35,0
,,,,
3/19/2020,New York,36,4152,30
,,,,
3/19/2020,North Carolina,37,104,0
,,,,
3/19/2020,North Dakota,38,19,0
,,,,
3/19/2020,Ohio,39,120,0
,,,,
3/19/2020,Oklahoma,40,44,1
,,,,
3/19/2020,Oregon,41,87,3
,,,,
3/19/2020,Pennsylvania,42,187,1
,,,,
3/19/2020,Puerto Rico,72,6,0
,,,,
3/19/2020,Rhode Island,44,44,0
,,,,
3/19/2020,South Carolina,45,81,1
,,,,
3/19/2020,South Dakota,46,14,1
,,,,
3/19/2020,Tennessee,47,155,0
,,,,
3/19/2020,Texas,48,248,4
,,,,
3/19/2020,Utah,49,80,0
,,,,
3/19/2020,Vermont,50,22,2
,,,,
3/19/2020,Virgin Islands,78,3,0
,,,,
3/19/2020,Virginia,51,94,2
,,,,
3/19/2020,Washington,53,1228,75
,,,,
3/19/2020,West Virginia,54,5,0
,,,,
3/19/2020,Wisconsin,55,155,2
,,,,
3/19/2020,Wyoming,56,18,0
,,,,
3/20/2020,Alabama,1,106,0
,,,,
3/20/2020,Alaska,2,14,0
,,,,
3/20/2020,Arizona,4,70,1
,,,,
3/20/2020,Arkansas,5,100,0
,,,,
3/20/2020,California,6,1283,24
,,,,
3/20/2020,Colorado,8,364,5
,,,,
3/20/2020,Connecticut,9,194,4
,,,,
3/20/2020,Delaware,10,39,0
,,,,
3/20/2020,District of Columbia,11,77,1
,,,,
3/20/2020,Florida,12,564,9
,,,,
3/20/2020,Georgia,13,482,14
,,,,
3/20/2020,Guam,66,14,0
,,,,
3/20/2020,Hawaii,15,37,0
,,,,
3/20/2020,Idaho,16,31,0
,,,,
3/20/2020,Illinois,17,583,5
,,,,
3/20/2020,Indiana,18,79,3
,,,,
3/20/2020,Iowa,19,45,0
,,,,
3/20/2020,Kansas,20,49,1
,,,,
3/20/2020,Kentucky,21,63,2
,,,,
3/20/2020,Louisiana,22,537,10
,,,,
3/20/2020,Maine,23,57,0
,,,,
3/20/2020,Maryland,24,150,2
,,,,
3/20/2020,Massachusetts,25,413,1
,,,,
3/20/2020,Michigan,26,548,4
,,,,
3/20/2020,Minnesota,27,115,0
,,,,
3/20/2020,Mississippi,28,80,1
,,,,
3/20/2020,Missouri,29,73,3
,,,,
3/20/2020,Montana,30,19,0
,,,,
3/20/2020,Nebraska,31,53,0
,,,,
3/20/2020,Nevada,32,165,2
,,,,
3/20/2020,New Hampshire,33,55,0
,,,,
3/20/2020,New Jersey,34,896,11
,,,,
3/20/2020,New Mexico,35,43,0
,,,,
3/20/2020,New York,36,7102,57
,,,,
3/20/2020,North Carolina,37,144,0
,,,,
3/20/2020,North Dakota,38,27,0
,,,,
3/20/2020,Ohio,39,169,1
,,,,
3/20/2020,Oklahoma,40,49,1
,,,,
3/20/2020,Oregon,41,114,3
,,,,
3/20/2020,Pennsylvania,42,269,1
,,,,
3/20/2020,Puerto Rico,72,14,0
,,,,
3/20/2020,Rhode Island,44,44,0
,,,,
3/20/2020,South Carolina,45,126,3
,,,,
3/20/2020,South Dakota,46,14,1
,,,,
3/20/2020,Tennessee,47,237,0
,,,,
3/20/2020,Texas,48,377,5
,,,,
3/20/2020,Utah,49,112,0
,,,,
3/20/2020,Vermont,50,29,2
,,,,
3/20/2020,Virgin Islands,78,6,0
,,,,
3/20/2020,Virginia,51,115,2
,,,,
3/20/2020,Washington,53,1404,83
,,,,
3/20/2020,West Virginia,54,8,0
,,,,
3/20/2020,Wisconsin,55,216,3
,,,,
3/20/2020,Wyoming,56,22,0
,,,,
3/21/2020,Alabama,1,131,0
,,,,
3/21/2020,Alaska,2,21,0
,,,,
3/21/2020,Arizona,4,104,1
,,,,
3/21/2020,Arkansas,5,118,0
,,,,
3/21/2020,California,6,1544,28
,,,,
3/21/2020,Colorado,8,475,6
,,,,
3/21/2020,Connecticut,9,223,5
,,,,
3/21/2020,Delaware,10,45,0
,,,,
3/21/2020,District of Columbia,11,98,1
,,,,
3/21/2020,Florida,12,764,11
,,,,
3/21/2020,Georgia,13,552,20
,,,,
3/21/2020,Guam,66,15,0
,,,,
3/21/2020,Hawaii,15,48,0
,,,,
3/21/2020,Idaho,16,42,0
,,,,
3/21/2020,Illinois,17,751,6
,,,,
3/21/2020,Indiana,18,126,4
,,,,
3/21/2020,Iowa,19,68,0
,,,,
3/21/2020,Kansas,20,57,2
,,,,
3/21/2020,Kentucky,21,84,3
,,,,
3/21/2020,Louisiana,22,763,16
,,,,
3/21/2020,Maine,23,70,0
,,,,
3/21/2020,Maryland,24,195,3
,,,,
3/21/2020,Massachusetts,25,525,2
,,,,
3/21/2020,Michigan,26,787,6
,,,,
3/21/2020,Minnesota,27,138,1
,,,,
3/21/2020,Mississippi,28,140,1
,,,,
3/21/2020,Missouri,29,93,3
,,,,
3/21/2020,Montana,30,29,0
,,,,
3/21/2020,Nebraska,31,61,0
,,,,
3/21/2020,Nevada,32,165,2
,,,,
3/21/2020,New Hampshire,33,65,0
,,,,
3/21/2020,New Jersey,34,1336,16
,,,,
3/21/2020,New Mexico,35,57,0
,,,,
3/21/2020,New York,36,10356,80
,,,,
3/21/2020,North Carolina,37,184,0
,,,,
3/21/2020,North Dakota,38,28,0
,,,,
3/21/2020,Ohio,39,247,3
,,,,
3/21/2020,Oklahoma,40,53,1
,,,,
3/21/2020,Oregon,41,137,4
,,,,
3/21/2020,Pennsylvania,42,388,2
,,,,
3/21/2020,Puerto Rico,72,21,1
,,,,
3/21/2020,Rhode Island,44,66,0
,,,,
3/21/2020,South Carolina,45,172,3
,,,,
3/21/2020,South Dakota,46,14,1
,,,,
3/21/2020,Tennessee,47,312,2
,,,,
3/21/2020,Texas,48,547,5
,,,,
3/21/2020,Utah,49,138,0
,,,,
3/21/2020,Vermont,50,49,2
,,,,
3/21/2020,Virgin Islands,78,6,0
,,,,
3/21/2020,Virginia,51,152,3
,,,,
3/21/2020,Washington,53,1655,95
,,,,
3/21/2020,West Virginia,54,12,0
,,,,
3/21/2020,Wisconsin,55,281,4
,,,,
3/21/2020,Wyoming,56,24,0
,,,,
3/22/2020,Alabama,1,157,0
,,,,
3/22/2020,Alaska,2,22,0
,,,,
3/22/2020,Arizona,4,153,2
,,,,
3/22/2020,Arkansas,5,165,0
,,,,
3/22/2020,California,6,1851,35
,,,,
3/22/2020,Colorado,8,591,7
,,,,
3/22/2020,Connecticut,9,327,8
,,,,
3/22/2020,Delaware,10,56,0
,,,,
3/22/2020,District of Columbia,11,116,2
,,,,
3/22/2020,Florida,12,1000,13
,,,,
3/22/2020,Georgia,13,620,25
,,,,
3/22/2020,Guam,66,27,1
,,,,
3/22/2020,Hawaii,15,56,0
,,,,
3/22/2020,Idaho,16,47,0
,,,,
3/22/2020,Illinois,17,1047,9
,,,,
3/22/2020,Indiana,18,201,6
,,,,
3/22/2020,Iowa,19,90,0
,,,,
3/22/2020,Kansas,20,66,2
,,,,
3/22/2020,Kentucky,21,103,3
,,,,
3/22/2020,Louisiana,22,837,20
,,,,
3/22/2020,Maine,23,89,0
,,,,
3/22/2020,Maryland,24,245,3
,,,,
3/22/2020,Massachusetts,25,646,5
,,,,
3/22/2020,Michigan,26,1033,9
,,,,
3/22/2020,Minnesota,27,171,1
,,,,
3/22/2020,Mississippi,28,207,1
,,,,
3/22/2020,Missouri,29,130,3
,,,,
3/22/2020,Montana,30,34,0
,,,,
3/22/2020,Nebraska,31,62,0
,,,,
3/22/2020,Nevada,32,190,2
,,,,
3/22/2020,New Hampshire,33,78,0
,,,,
3/22/2020,New Jersey,34,1914,20
,,,,
3/22/2020,New Mexico,35,65,0
,,,,
3/22/2020,New York,36,15168,122
,,,,
3/22/2020,North Carolina,37,269,0
,,,,
3/22/2020,North Dakota,38,30,0
,,,,
3/22/2020,Ohio,39,351,3
,,,,
3/22/2020,Oklahoma,40,67,2
,,,,
3/22/2020,Oregon,41,161,5
,,,,
3/22/2020,Pennsylvania,42,504,3
,,,,
3/22/2020,Puerto Rico,72,23,1
,,,,
3/22/2020,Rhode Island,44,83,0
,,,,
3/22/2020,South Carolina,45,194,3
,,,,
3/22/2020,South Dakota,46,21,1
,,,,
3/22/2020,Tennessee,47,424,2
,,,,
3/22/2020,Texas,48,632,7
,,,,
3/22/2020,Utah,49,182,1
,,,,
3/22/2020,Vermont,50,52,2
,,,,
3/22/2020,Virgin Islands,78,17,0
,,,,
3/22/2020,Virginia,51,219,6
,,,,
3/22/2020,Washington,53,1844,97
,,,,
3/22/2020,West Virginia,54,16,0
,,,,
3/22/2020,Wisconsin,55,382,4
,,,,
3/22/2020,Wyoming,56,26,0
,,,,
3/23/2020,Alabama,1,196,0
,,,,
3/23/2020,Alaska,2,36,0
,,,,
3/23/2020,Arizona,4,234,2
,,,,
3/23/2020,Arkansas,5,201,0
,,,,
3/23/2020,California,6,2240,39
,,,,
3/23/2020,Colorado,8,721,10
,,,,
3/23/2020,Connecticut,9,415,10
,,,,
3/23/2020,Delaware,10,87,0
,,,,
3/23/2020,District of Columbia,11,138,2
,,,,
3/23/2020,Florida,12,1222,18
,,,,
3/23/2020,Georgia,13,800,25
,,,,
3/23/2020,Guam,66,29,1
,,,,
3/23/2020,Hawaii,15,77,0
,,,,
3/23/2020,Idaho,16,50,0
,,,,
3/23/2020,Illinois,17,1285,12
,,,,
3/23/2020,Indiana,18,259,7
,,,,
3/23/2020,Iowa,19,105,0
,,,,
3/23/2020,Kansas,20,82,2
,,,,
3/23/2020,Kentucky,21,124,3
,,,,
3/23/2020,Louisiana,22,1172,34
,,,,
3/23/2020,Maine,23,107,0
,,,,
3/23/2020,Maryland,24,290,3
,,,,
3/23/2020,Massachusetts,25,777,5
,,,,
3/23/2020,Michigan,26,1324,16
,,,,
3/23/2020,Minnesota,27,235,1
,,,,
3/23/2020,Mississippi,28,249,1
,,,,
3/23/2020,Missouri,29,183,4
,,,,
3/23/2020,Montana,30,45,0
,,,,
3/23/2020,Nebraska,31,73,0
,,,,
3/23/2020,Nevada,32,265,4
,,,,
3/23/2020,New Hampshire,33,101,1
,,,,
3/23/2020,New Jersey,34,2844,27
,,,,
3/23/2020,New Mexico,35,83,0
,,,,
3/23/2020,New York,36,20875,159
,,,,
3/23/2020,North Carolina,37,303,0
,,,,
3/23/2020,North Dakota,38,32,0
,,,,
3/23/2020,Ohio,39,444,6
,,,,
3/23/2020,Oklahoma,40,81,2
,,,,
3/23/2020,Oregon,41,191,5
,,,,
3/23/2020,Pennsylvania,42,644,6
,,,,
3/23/2020,Puerto Rico,72,31,2
,,,,
3/23/2020,Rhode Island,44,106,0
,,,,
3/23/2020,South Carolina,45,299,5
,,,,
3/23/2020,South Dakota,46,28,1
,,,,
3/23/2020,Tennessee,47,522,2
,,,,
3/23/2020,Texas,48,728,7
,,,,
3/23/2020,Utah,49,257,1
,,,,
3/23/2020,Vermont,50,75,2
,,,,
3/23/2020,Virgin Islands,78,17,0
,,,,
3/23/2020,Virginia,51,254,6
,,,,
3/23/2020,Washington,53,2101,110
,,,,
3/23/2020,West Virginia,54,16,0
,,,,
3/23/2020,Wisconsin,55,418,5
,,,,
3/23/2020,Wyoming,56,28,0
,,,,
3/24/2020,Alabama,1,242,0
,,,,
3/24/2020,Alaska,2,42,0
,,,,
3/24/2020,Arizona,4,326,6
,,,,
3/24/2020,Arkansas,5,232,2
,,,,
3/24/2020,California,6,2644,52
,,,,
3/24/2020,Colorado,8,912,11
,,,,
3/24/2020,Connecticut,9,618,12
,,,,
3/24/2020,Delaware,10,104,0
,,,,
3/24/2020,District of Columbia,11,183,2
,,,,
3/24/2020,Florida,12,1467,19
,,,,
3/24/2020,Georgia,13,1097,38
,,,,
3/24/2020,Guam,66,32,1
,,,,
3/24/2020,Hawaii,15,90,0
,,,,
3/24/2020,Idaho,16,73,0
,,,,
3/24/2020,Illinois,17,1535,16
,,,,
3/24/2020,Indiana,18,366,12
,,,,
3/24/2020,Iowa,19,124,1
,,,,
3/24/2020,Kansas,20,99,3
,,,,
3/24/2020,Kentucky,21,157,3
,,,,
3/24/2020,Louisiana,22,1388,46
,,,,
3/24/2020,Maine,23,118,0
,,,,
3/24/2020,Maryland,24,349,4
,,,,
3/24/2020,Massachusetts,25,1159,11
,,,,
3/24/2020,Michigan,26,1791,24
,,,,
3/24/2020,Minnesota,27,262,1
,,,,
3/24/2020,Mississippi,28,320,1
,,,,
3/24/2020,Missouri,29,255,5
,,,,
3/24/2020,Montana,30,51,0
,,,,
3/24/2020,Nebraska,31,77,0
,,,,
3/24/2020,Nevada,32,315,6
,,,,
3/24/2020,New Hampshire,33,108,1
,,,,
3/24/2020,New Jersey,34,3675,44
,,,,
3/24/2020,New Mexico,35,100,0
,,,,
3/24/2020,New York,36,25665,218
,,,,
3/24/2020,North Carolina,37,399,0
,,,,
3/24/2020,North Dakota,38,36,0
,,,,
3/24/2020,Ohio,39,564,8
,,,,
3/24/2020,Oklahoma,40,106,3
,,,,
3/24/2020,Oregon,41,209,8
,,,,
3/24/2020,Pennsylvania,42,851,7
,,,,
3/24/2020,Puerto Rico,72,39,2
,,,,
3/24/2020,Rhode Island,44,124,0
,,,,
3/24/2020,South Carolina,45,342,7
,,,,
3/24/2020,South Dakota,46,30,1
,,,,
3/24/2020,Tennessee,47,679,2
,,,,
3/24/2020,Texas,48,857,11
,,,,
3/24/2020,Utah,49,298,1
,,,,
3/24/2020,Vermont,50,95,7
,,,,
3/24/2020,Virgin Islands,78,17,0
,,,,
3/24/2020,Virginia,51,290,7
,,,,
3/24/2020,Washington,53,2469,123
,,,,
3/24/2020,West Virginia,54,39,0
,,,,
3/24/2020,Wisconsin,55,481,5
,,,,
3/24/2020,Wyoming,56,37,0
,,,,
3/25/2020,Alabama,1,386,1
,,,,
3/25/2020,Alaska,2,59,0
,,,,
3/25/2020,Arizona,4,402,6
,,,,
3/25/2020,Arkansas,5,308,2
,,,,
3/25/2020,California,6,3183,67
,,,,
3/25/2020,Colorado,8,1086,19
,,,,
3/25/2020,Connecticut,9,875,19
,,,,
3/25/2020,Delaware,10,119,0
,,,,
3/25/2020,District of Columbia,11,231,3
,,,,
3/25/2020,Florida,12,1965,23
,,,,
3/25/2020,Georgia,13,1387,47
,,,,
3/25/2020,Guam,66,32,1
,,,,
3/25/2020,Hawaii,15,95,0
,,,,
3/25/2020,Idaho,16,123,0
,,,,
3/25/2020,Illinois,17,1875,21
,,,,
3/25/2020,Indiana,18,479,14
,,,,
3/25/2020,Iowa,19,145,1
,,,,
3/25/2020,Kansas,20,132,3
,,,,
3/25/2020,Kentucky,21,198,5
,,,,
3/25/2020,Louisiana,22,1795,65
,,,,
3/25/2020,Maine,23,142,0
,,,,
3/25/2020,Maryland,24,423,4
,,,,
3/25/2020,Massachusetts,25,1838,15
,,,,
3/25/2020,Michigan,26,2294,43
,,,,
3/25/2020,Minnesota,27,287,1
,,,,
3/25/2020,Mississippi,28,377,5
,,,,
3/25/2020,Missouri,29,377,8
,,,,
3/25/2020,Montana,30,65,0
,,,,
3/25/2020,Nebraska,31,84,0
,,,,
3/25/2020,Nevada,32,405,10
,,,,
3/25/2020,New Hampshire,33,137,1
,,,,
3/25/2020,New Jersey,34,4402,62
,,,,
3/25/2020,New Mexico,35,112,1
,,,,
3/25/2020,New York,36,33066,325
,,,,
3/25/2020,North Carolina,37,563,1
,,,,
3/25/2020,North Dakota,38,45,0
,,,,
3/25/2020,Ohio,39,706,11
,,,,
3/25/2020,Oklahoma,40,164,5
,,,,
3/25/2020,Oregon,41,266,10
,,,,
3/25/2020,Pennsylvania,42,1151,11
,,,,
3/25/2020,Puerto Rico,72,51,2
,,,,
3/25/2020,Rhode Island,44,132,0
,,,,
3/25/2020,South Carolina,45,424,7
,,,,
3/25/2020,South Dakota,46,41,1
,,,,
3/25/2020,Tennessee,47,784,3
,,,,
3/25/2020,Texas,48,1119,12
,,,,
3/25/2020,Utah,49,346,1
,,,,
3/25/2020,Vermont,50,123,8
,,,,
3/25/2020,Virgin Islands,78,17,0
,,,,
3/25/2020,Virginia,51,391,9
,,,,
3/25/2020,Washington,53,2585,130
,,,,
3/25/2020,West Virginia,54,51,0
,,,,
3/25/2020,Wisconsin,55,623,7
,,,,
3/25/2020,Wyoming,56,49,0
,,,,
3/26/2020,Alabama,1,538,3
,,,,
3/26/2020,Alaska,2,69,0
,,,,
3/26/2020,Arizona,4,508,8
,,,,
3/26/2020,Arkansas,5,351,3
,,,,
3/26/2020,California,6,4060,82
,,,,
3/26/2020,Colorado,8,1432,24
,,,,
3/26/2020,Connecticut,9,1012,21
,,,,
3/26/2020,Delaware,10,143,1
,,,,
3/26/2020,District of Columbia,11,267,3
,,,,
3/26/2020,Florida,12,2477,29
,,,,
3/26/2020,Georgia,13,1643,56
,,,,
3/26/2020,Guam,66,49,1
,,,,
3/26/2020,Hawaii,15,106,0
,,,,
3/26/2020,Idaho,16,189,3
,,,,
3/26/2020,Illinois,17,2538,26
,,,,
3/26/2020,Indiana,18,656,18
,,,,
3/26/2020,Iowa,19,179,1
,,,,
3/26/2020,Kansas,20,171,3
,,,,
3/26/2020,Kentucky,21,248,5
,,,,
3/26/2020,Louisiana,22,2305,83
,,,,
3/26/2020,Maine,23,155,0
,,,,
3/26/2020,Maryland,24,581,4
,,,,
3/26/2020,Massachusetts,25,2417,25
,,,,
3/26/2020,Michigan,26,2878,63
,,,,
3/26/2020,Minnesota,27,346,2
,,,,
3/26/2020,Mississippi,28,487,6
,,,,
3/26/2020,Missouri,29,507,8
,,,,
3/26/2020,Montana,30,90,0
,,,,
3/26/2020,Nebraska,31,92,0
,,,,
3/26/2020,Nevada,32,535,10
,,,,
3/26/2020,New Hampshire,33,158,1
,,,,
3/26/2020,New Jersey,34,6876,81
,,,,
3/26/2020,New Mexico,35,136,1
,,,,
3/26/2020,New York,36,38987,432
,,,,
3/26/2020,North Carolina,37,638,2
,,,,
3/26/2020,North Dakota,38,58,0
,,,,
3/26/2020,Ohio,39,867,15
,,,,
3/26/2020,Oklahoma,40,248,7
,,,,
3/26/2020,Oregon,41,316,11
,,,,
3/26/2020,Pennsylvania,42,1690,16
,,,,
3/26/2020,Puerto Rico,72,64,2
,,,,
3/26/2020,Rhode Island,44,165,0
,,,,
3/26/2020,South Carolina,45,456,9
,,,,
3/26/2020,South Dakota,46,46,1
,,,,
3/26/2020,Tennessee,47,981,3
,,,,
3/26/2020,Texas,48,1543,21
,,,,
3/26/2020,Utah,49,402,1
,,,,
3/26/2020,Vermont,50,158,9
,,,,
3/26/2020,Virgin Islands,78,17,0
,,,,
3/26/2020,Virginia,51,604,14
,,,,
3/26/2020,Washington,53,3208,151
,,,,
3/26/2020,West Virginia,54,76,0
,,,,
3/26/2020,Wisconsin,55,754,10
,,,,
3/26/2020,Wyoming,56,56,0
,,,,
3/27/2020,Alabama,1,639,4
,,,,
3/27/2020,Alaska,2,85,1
,,,,
3/27/2020,Arizona,4,665,15
,,,,
3/27/2020,Arkansas,5,386,3
,,,,
3/27/2020,California,6,4914,102
,,,,
3/27/2020,Colorado,8,1735,31
,,,,
3/27/2020,Connecticut,9,1291,27
,,,,
3/27/2020,Delaware,10,165,2
,,,,
3/27/2020,District of Columbia,11,304,4
,,,,
3/27/2020,Florida,12,3198,46
,,,,
3/27/2020,Georgia,13,2198,64
,,,,
3/27/2020,Guam,66,53,1
,,,,
3/27/2020,Hawaii,15,120,0
,,,,
3/27/2020,Idaho,16,231,4
,,,,
3/27/2020,Illinois,17,3029,37
,,,,
3/27/2020,Indiana,18,982,26
,,,,
3/27/2020,Iowa,19,235,3
,,,,
3/27/2020,Kansas,20,212,4
,,,,
3/27/2020,Kentucky,21,302,8
,,,,
3/27/2020,Louisiana,22,2746,119
,,,,
3/27/2020,Maine,23,168,1
,,,,
3/27/2020,Maryland,24,775,5
,,,,
3/27/2020,Massachusetts,25,3240,35
,,,,
3/27/2020,Michigan,26,3657,93
,,,,
3/27/2020,Minnesota,27,398,4
,,,,
3/27/2020,Mississippi,28,579,8
,,,,
3/27/2020,Missouri,29,671,9
,,,,
3/27/2020,Montana,30,121,1
,,,,
3/27/2020,Nebraska,31,100,2
,,,,
3/27/2020,Nevada,32,621,10
,,,,
3/27/2020,New Hampshire,33,187,2
,,,,
3/27/2020,New Jersey,34,8825,108
,,,,
3/27/2020,New Mexico,35,191,1
,,,,
3/27/2020,New York,36,44635,535
,,,,
3/27/2020,North Carolina,37,783,3
,,,,
3/27/2020,North Dakota,38,68,1
,,,,
3/27/2020,Ohio,39,1144,22
,,,,
3/27/2020,Oklahoma,40,322,8
,,,,
3/27/2020,Oregon,41,414,12
,,,,
3/27/2020,Pennsylvania,42,2218,23
,,,,
3/27/2020,Puerto Rico,72,79,3
,,,,
3/27/2020,Rhode Island,44,203,0
,,,,
3/27/2020,South Carolina,45,539,13
,,,,
3/27/2020,South Dakota,46,58,1
,,,,
3/27/2020,Tennessee,47,1062,6
,,,,
3/27/2020,Texas,48,1942,23
,,,,
3/27/2020,Utah,49,480,2
,,,,
3/27/2020,Vermont,50,184,10
,,,,
3/27/2020,Virgin Islands,78,19,0
,,,,
3/27/2020,Virginia,51,606,14
,,,,
3/27/2020,Washington,53,3770,177
,,,,
3/27/2020,West Virginia,54,96,0
,,,,
3/27/2020,Wisconsin,55,930,16
,,,,
3/27/2020,Wyoming,56,73,0
,,,,
3/28/2020,Alabama,1,720,4
,,,,
3/28/2020,Alaska,2,102,1
,,,,
3/28/2020,Arizona,4,773,15
,,,,
3/28/2020,Arkansas,5,409,5
,,,,
3/28/2020,California,6,5565,121
,,,,
3/28/2020,Colorado,8,2061,44
,,,,
3/28/2020,Connecticut,9,1524,33
,,,,
3/28/2020,Delaware,10,214,5
,,,,
3/28/2020,District of Columbia,11,342,4
,,,,
3/28/2020,Florida,12,4038,56
,,,,
3/28/2020,Georgia,13,2447,79
,,,,
3/28/2020,Guam,66,57,1
,,,,
3/28/2020,Hawaii,15,151,0
,,,,
3/28/2020,Idaho,16,261,5
,,,,
3/28/2020,Illinois,17,3547,50
,,,,
3/28/2020,Indiana,18,1232,31
,,,,
3/28/2020,Iowa,19,298,3
,,,,
3/28/2020,Kansas,20,271,6
,,,,
3/28/2020,Kentucky,21,394,9
,,,,
3/28/2020,Louisiana,22,3315,137
,,,,
3/28/2020,Maine,23,211,1
,,,,
3/28/2020,Maryland,24,1066,10
,,,,
3/28/2020,Massachusetts,25,4257,44
,,,,
3/28/2020,Michigan,26,4635,111
,,,,
3/28/2020,Minnesota,27,441,5
,,,,
3/28/2020,Mississippi,28,669,13
,,,,
3/28/2020,Missouri,29,838,10
,,,,
3/28/2020,Montana,30,147,1
,,,,
3/28/2020,Nebraska,31,122,2
,,,,
3/28/2020,Nevada,32,738,14
,,,,
3/28/2020,New Hampshire,33,214,2
,,,,
3/28/2020,New Jersey,34,11124,140
,,,,
3/28/2020,New Mexico,35,208,2
,,,,
3/28/2020,New York,36,53363,782
,,,,
3/28/2020,North Carolina,37,972,4
,,,,
3/28/2020,North Dakota,38,94,1
,,,,
3/28/2020,Northern Mariana Islands,69,2,0
,,,,
3/28/2020,Ohio,39,1406,25
,,,,
3/28/2020,Oklahoma,40,377,15
,,,,
3/28/2020,Oregon,41,479,13
,,,,
3/28/2020,Pennsylvania,42,2815,35
,,,,
3/28/2020,Puerto Rico,72,100,3
,,,,
3/28/2020,Rhode Island,44,239,2
,,,,
3/28/2020,South Carolina,45,660,15
,,,,
3/28/2020,South Dakota,46,68,1
,,,,
3/28/2020,Tennessee,47,1373,6
,,,,
3/28/2020,Texas,48,2161,29
,,,,
3/28/2020,Utah,49,608,2
,,,,
3/28/2020,Vermont,50,211,12
,,,,
3/28/2020,Virgin Islands,78,19,0
,,,,
3/28/2020,Virginia,51,740,17
,,,,
3/28/2020,Washington,53,4311,191
,,,,
3/28/2020,West Virginia,54,113,0
,,,,
3/28/2020,Wisconsin,55,1042,17
,,,,
3/28/2020,Wyoming,56,84,0
,,,,
3/29/2020,Alabama,1,830,5
,,,,
3/29/2020,Alaska,2,114,1
,,,,
3/29/2020,Arizona,4,929,18
,,,,
3/29/2020,Arkansas,5,449,6
,,,,
3/29/2020,California,6,6266,130
,,,,
3/29/2020,Colorado,8,2315,47
,,,,
3/29/2020,Connecticut,9,1993,34
,,,,
3/29/2020,Delaware,10,232,6
,,,,
3/29/2020,District of Columbia,11,342,4
,,,,
3/29/2020,Florida,12,4942,59
,,,,
3/29/2020,Georgia,13,2683,83
,,,,
3/29/2020,Guam,66,58,1
,,,,
3/29/2020,Hawaii,15,175,0
,,,,
3/29/2020,Idaho,16,310,6
,,,,
3/29/2020,Illinois,17,4613,70
,,,,
3/29/2020,Indiana,18,1514,32
,,,,
3/29/2020,Iowa,19,336,4
,,,,
3/29/2020,Kansas,20,332,7
,,,,
3/29/2020,Kentucky,21,439,9
,,,,
3/29/2020,Louisiana,22,3540,152
,,,,
3/29/2020,Maine,23,253,3
,,,,
3/29/2020,Maryland,24,1244,11
,,,,
3/29/2020,Massachusetts,25,4955,48
,,,,
3/29/2020,Michigan,26,5486,132
,,,,
3/29/2020,Minnesota,27,504,9
,,,,
3/29/2020,Mississippi,28,759,14
,,,,
3/29/2020,Missouri,29,903,12
,,,,
3/29/2020,Montana,30,161,1
,,,,
3/29/2020,Nebraska,31,137,2
,,,,
3/29/2020,Nevada,32,920,15
,,,,
3/29/2020,New Hampshire,33,258,3
,,,,
3/29/2020,New Jersey,34,13386,161
,,,,
3/29/2020,New Mexico,35,237,2
,,,,
3/29/2020,New York,36,59568,965
,,,,
3/29/2020,North Carolina,37,1167,6
,,,,
3/29/2020,North Dakota,38,98,1
,,,,
3/29/2020,Northern Mariana Islands,69,2,0
,,,,
3/29/2020,Ohio,39,1665,30
,,,,
3/29/2020,Oklahoma,40,429,16
,,,,
3/29/2020,Oregon,41,548,13
,,,,
3/29/2020,Pennsylvania,42,3441,40
,,,,
3/29/2020,Puerto Rico,72,127,5
,,,,
3/29/2020,Rhode Island,44,294,3
,,,,
3/29/2020,South Carolina,45,774,16
,,,,
3/29/2020,South Dakota,46,90,1
,,,,
3/29/2020,Tennessee,47,1537,7
,,,,
3/29/2020,Texas,48,2712,35
,,,,
3/29/2020,Utah,49,719,2
,,,,
3/29/2020,Vermont,50,235,12
,,,,
3/29/2020,Virgin Islands,78,23,0
,,,,
3/29/2020,Virginia,51,890,22
,,,,
3/29/2020,Washington,53,4896,207
,,,,
3/29/2020,West Virginia,54,124,1
,,,,
3/29/2020,Wisconsin,55,1120,17
,,,,
3/29/2020,Wyoming,56,87,0
,,,,
3/30/2020,Alabama,1,947,11
,,,,
3/30/2020,Alaska,2,119,2
,,,,
3/30/2020,Arizona,4,1169,20
,,,,
3/30/2020,Arkansas,5,508,7
,,,,
3/30/2020,California,6,7421,146
,,,,
3/30/2020,Colorado,8,2628,51
,,,,
3/30/2020,Connecticut,9,2571,36
,,,,
3/30/2020,Delaware,10,264,7
,,,,
3/30/2020,District of Columbia,11,495,9
,,,,
3/30/2020,Florida,12,5694,71
,,,,
3/30/2020,Georgia,13,3032,102
,,,,
3/30/2020,Guam,66,60,1
,,,,
3/30/2020,Hawaii,15,204,0
,,,,
3/30/2020,Idaho,16,415,7
,,,,
3/30/2020,Illinois,17,5070,84
,,,,
3/30/2020,Indiana,18,1788,35
,,,,
3/30/2020,Iowa,19,424,6
,,,,
3/30/2020,Kansas,20,373,9
,,,,
3/30/2020,Kentucky,21,480,11
,,,,
3/30/2020,Louisiana,22,4025,186
,,,,
3/30/2020,Maine,23,275,3
,,,,
3/30/2020,Maryland,24,1414,15
,,,,
3/30/2020,Massachusetts,25,5752,61
,,,,
3/30/2020,Michigan,26,6508,197
,,,,
3/30/2020,Minnesota,27,576,10
,,,,
3/30/2020,Mississippi,28,848,16
,,,,
3/30/2020,Missouri,29,1050,13
,,,,
3/30/2020,Montana,30,177,4
,,,,
3/30/2020,Nebraska,31,185,3
,,,,
3/30/2020,Nevada,32,1044,18
,,,,
3/30/2020,New Hampshire,33,314,3
,,,,
3/30/2020,New Jersey,34,16636,199
,,,,
3/30/2020,New Mexico,35,281,4
,,,,
3/30/2020,New York,36,67174,1224
,,,,
3/30/2020,North Carolina,37,1304,6
,,,,
3/30/2020,North Dakota,38,109,3
,,,,
3/30/2020,Northern Mariana Islands,69,2,0
,,,,
3/30/2020,Ohio,39,1933,40
,,,,
3/30/2020,Oklahoma,40,481,17
,,,,
3/30/2020,Oregon,41,606,16
,,,,
3/30/2020,Pennsylvania,42,4156,48
,,,,
3/30/2020,Puerto Rico,72,174,6
,,,,
3/30/2020,Rhode Island,44,408,4
,,,,
3/30/2020,South Carolina,45,925,18
,,,,
3/30/2020,South Dakota,46,101,1
,,,,
3/30/2020,Tennessee,47,1834,13
,,,,
3/30/2020,Texas,48,3043,46
,,,,
3/30/2020,Utah,49,806,4
,,,,
3/30/2020,Vermont,50,256,12
,,,,
3/30/2020,Virgin Islands,78,30,0
,,,,
3/30/2020,Virginia,51,1021,26
,,,,
3/30/2020,Washington,53,5179,221
,,,,
3/30/2020,West Virginia,54,145,1
,,,,
3/30/2020,Wisconsin,55,1267,20
,,,,
3/30/2020,Wyoming,56,95,0
,,,,
3/31/2020,Alabama,1,999,13
,,,,
3/31/2020,Alaska,2,133,2
,,,,
3/31/2020,Arizona,4,1298,24
,,,,
3/31/2020,Arkansas,5,564,8
,,,,
3/31/2020,California,6,8582,183
,,,,
3/31/2020,Colorado,8,2990,69
,,,,
3/31/2020,Connecticut,9,3128,69
,,,,
3/31/2020,Delaware,10,319,10
,,,,
3/31/2020,District of Columbia,11,495,9
,,,,
3/31/2020,Florida,12,6741,85
,,,,
3/31/2020,Georgia,13,4117,125
,,,,
3/31/2020,Guam,66,139,2
,,,,
3/31/2020,Hawaii,15,224,1
,,,,
3/31/2020,Idaho,16,526,9
,,,,
3/31/2020,Illinois,17,5994,107
,,,,
3/31/2020,Indiana,18,2159,50
,,,,
3/31/2020,Iowa,19,498,7
,,,,
3/31/2020,Kansas,20,434,10
,,,,
3/31/2020,Kentucky,21,590,18
,,,,
3/31/2020,Louisiana,22,5237,240
,,,,
3/31/2020,Maine,23,303,5
,,,,
3/31/2020,Maryland,24,1662,18
,,,,
3/31/2020,Massachusetts,25,6620,89
,,,,
3/31/2020,Michigan,26,7630,264
,,,,
3/31/2020,Minnesota,27,629,12
,,,,
3/31/2020,Mississippi,28,937,20
,,,,
3/31/2020,Missouri,29,1351,15
,,,,
3/31/2020,Montana,30,198,5
,,,,
3/31/2020,Nebraska,31,193,4
,,,,
3/31/2020,Nevada,32,1113,26
,,,,
3/31/2020,New Hampshire,33,367,3
,,,,
3/31/2020,New Jersey,34,18696,267
,,,,
3/31/2020,New Mexico,35,315,4
,,,,
3/31/2020,New York,36,75832,1550
,,,,
3/31/2020,North Carolina,37,1528,10
,,,,
3/31/2020,North Dakota,38,126,3
,,,,
3/31/2020,Northern Mariana Islands,69,2,0
,,,,
3/31/2020,Ohio,39,2199,55
,,,,
3/31/2020,Oklahoma,40,566,23
,,,,
3/31/2020,Oregon,41,690,18
,,,,
3/31/2020,Pennsylvania,42,4997,72
,,,,
3/31/2020,Puerto Rico,72,239,8
,,,,
3/31/2020,Rhode Island,44,488,8
,,,,
3/31/2020,South Carolina,45,1083,22
,,,,
3/31/2020,South Dakota,46,108,1
,,,,
3/31/2020,Tennessee,47,1834,13
,,,,
3/31/2020,Texas,48,3576,57
,,,,
3/31/2020,Utah,49,887,5
,,,,
3/31/2020,Vermont,50,293,13
,,,,
3/31/2020,Virgin Islands,78,30,0
,,,,
3/31/2020,Virginia,51,1250,27
,,,,
3/31/2020,Washington,53,5292,226
,,,,
3/31/2020,West Virginia,54,162,1
,,,,
3/31/2020,Wisconsin,55,1351,25
,,,,
3/31/2020,Wyoming,56,120,0
,,,,
" 2020 GitHub, Inc.",,,,
Terms,,,,
Privacy,,,,
Security,,,,
Status,,,,
Help,,,,
,,,,
Contact GitHub,,,,
Pricing,,,,
API,,,,
Training,,,,
Blog,,,,
About,,,,
